investor_country_code,raised_amount_usd,raised_amount_usd,raised_amount_usd,raised_amount_usd,raised_amount_usd,raised_amount_usd,raised_amount_usd,raised_amount_usd,raised_amount_usd,raised_amount_usd,raised_amount_usd,raised_amount_usd,raised_amount_usd,raised_amount_usd,raised_amount_usd,raised_amount_usd,raised_amount_usd,raised_amount_usd,raised_amount_usd,raised_amount_usd,raised_amount_usd,raised_amount_usd,raised_amount_usd,raised_amount_usd,raised_amount_usd,raised_amount_usd,raised_amount_usd,raised_amount_usd,raised_amount_usd,raised_amount_usd,raised_amount_usd,raised_amount_usd,raised_amount_usd,raised_amount_usd,raised_amount_usd,raised_amount_usd,raised_amount_usd,raised_amount_usd,raised_amount_usd,raised_amount_usd,raised_amount_usd,raised_amount_usd,raised_amount_usd,raised_amount_usd,raised_amount_usd,raised_amount_usd,raised_amount_usd,raised_amount_usd,raised_amount_usd,raised_amount_usd,raised_amount_usd,raised_amount_usd,raised_amount_usd,raised_amount_usd,raised_amount_usd,raised_amount_usd,raised_amount_usd,raised_amount_usd,raised_amount_usd,raised_amount_usd,raised_amount_usd,raised_amount_usd,raised_amount_usd,raised_amount_usd,raised_amount_usd,raised_amount_usd,raised_amount_usd,raised_amount_usd,raised_amount_usd,raised_amount_usd
,ARE,ARG,ARM,AUS,AUT,AZE,BEL,BGD,BGR,BMU,BRA,CAN,CHE,CHL,CHN,COL,CRI,CZE,DEU,DNK,DZA,EGY,ESP,EST,FIN,FRA,GBR,GHA,GRC,GTM,HKG,HRV,HUN,IDN,IND,IRL,ISL,ISR,ITA,JPN,KEN,KOR,LBN,LTU,LVA,MAR,MEX,MKD,MYS,NGA,NLD,NOR,NZL,PAK,PER,PHL,POL,PRT,ROM,RUS,SAU,SGP,SLV,SVK,SWE,THA,TUR,TWN,UKR,USA
,,,,,,,,,,,,,,,,,,,,,,,,,,,,,,,,,,,,,,,,,,,,,,,,,,,,,,,,,,,,,,,,,,,,,,
ARG,0.0,29117500.0,0.0,0.0,0.0,0.0,0.0,0.0,0.0,0.0,23550000.0,0.0,75000.0,11060000.0,0.0,25000.0,0.0,0.0,0.0,0.0,0.0,0.0,25000.0,0.0,0.0,0.0,195000.0,0.0,0.0,0.0,0.0,0.0,0.0,0.0,0.0,0.0,0.0,0.0,0.0,0.0,0.0,0.0,0.0,0.0,0.0,0.0,0.0,0.0,0.0,0.0,0.0,0.0,0.0,0.0,0.0,0.0,0.0,0.0,0.0,0.0,0.0,0.0,0.0,0.0,0.0,0.0,0.0,0.0,0.0,710000.0
AUS,0.0,0.0,0.0,107565269.0,0.0,0.0,0.0,0.0,0.0,0.0,0.0,0.0,0.0,0.0,0.0,0.0,0.0,0.0,0.0,0.0,0.0,0.0,0.0,0.0,0.0,0.0,0.0,0.0,0.0,0.0,0.0,0.0,0.0,0.0,0.0,0.0,0.0,0.0,0.0,0.0,0.0,0.0,0.0,0.0,0.0,0.0,0.0,0.0,0.0,0.0,0.0,3137342.0,6500000.0,0.0,0.0,0.0,0.0,0.0,0.0,0.0,0.0,19740000.0,0.0,0.0,0.0,0.0,0.0,0.0,0.0,416222833.0
AUT,0.0,0.0,0.0,0.0,0.0,0.0,0.0,0.0,0.0,0.0,0.0,0.0,0.0,0.0,0.0,0.0,0.0,0.0,0.0,0.0,0.0,0.0,0.0,0.0,0.0,0.0,514640.0,0.0,0.0,0.0,0.0,0.0,0.0,0.0,0.0,0.0,0.0,0.0,0.0,0.0,0.0,0.0,0.0,0.0,0.0,0.0,0.0,0.0,0.0,0.0,0.0,0.0,0.0,0.0,0.0,0.0,128660.0,0.0,0.0,0.0,0.0,800000.0,0.0,0.0,0.0,0.0,1801240.0,0.0,0.0,0.0
AZE,0.0,0.0,0.0,0.0,0.0,100000.0,0.0,0.0,0.0,0.0,0.0,0.0,0.0,0.0,0.0,0.0,0.0,0.0,0.0,0.0,0.0,0.0,0.0,0.0,0.0,0.0,0.0,0.0,0.0,0.0,0.0,0.0,0.0,0.0,0.0,0.0,0.0,0.0,0.0,0.0,0.0,0.0,0.0,0.0,0.0,0.0,0.0,0.0,0.0,0.0,0.0,0.0,0.0,0.0,0.0,0.0,0.0,0.0,0.0,0.0,0.0,0.0,0.0,0.0,0.0,0.0,0.0,0.0,0.0,0.0
BEL,0.0,0.0,0.0,26000000.0,0.0,0.0,68790507.0,0.0,0.0,0.0,0.0,0.0,47200000.0,0.0,0.0,0.0,0.0,0.0,62500000.0,0.0,0.0,0.0,32442500.0,0.0,0.0,31510350.0,26365374.0,0.0,3900000.0,0.0,0.0,0.0,0.0,0.0,161200000.0,0.0,0.0,0.0,0.0,0.0,0.0,0.0,0.0,0.0,0.0,3200000.0,0.0,0.0,350000000.0,0.0,0.0,0.0,0.0,0.0,0.0,0.0,0.0,0.0,0.0,0.0,0.0,0.0,0.0,0.0,0.0,0.0,0.0,0.0,0.0,66800000.0
BGR,0.0,0.0,64177.0,0.0,0.0,0.0,65665.0,0.0,3996856.0,0.0,0.0,0.0,0.0,0.0,0.0,0.0,0.0,0.0,0.0,0.0,0.0,0.0,0.0,0.0,0.0,0.0,618180.0,0.0,132173.0,0.0,0.0,64525.0,0.0,0.0,0.0,0.0,0.0,0.0,0.0,0.0,0.0,0.0,0.0,0.0,0.0,0.0,0.0,38484.0,0.0,0.0,0.0,0.0,0.0,0.0,0.0,0.0,0.0,0.0,76968.0,0.0,0.0,0.0,0.0,0.0,0.0,0.0,0.0,0.0,0.0,250963.0
BRA,0.0,1440000.0,0.0,0.0,0.0,0.0,0.0,0.0,0.0,0.0,40050000.0,0.0,0.0,0.0,0.0,0.0,0.0,0.0,0.0,0.0,0.0,0.0,0.0,0.0,0.0,0.0,1100000.0,0.0,0.0,0.0,0.0,0.0,0.0,0.0,0.0,0.0,0.0,0.0,0.0,0.0,0.0,0.0,0.0,0.0,0.0,0.0,0.0,0.0,0.0,0.0,0.0,0.0,0.0,0.0,0.0,0.0,0.0,0.0,0.0,0.0,0.0,0.0,0.0,0.0,0.0,0.0,0.0,0.0,0.0,2750000.0
CAN,0.0,0.0,0.0,0.0,0.0,0.0,0.0,0.0,0.0,0.0,70000000.0,2356903665.0,0.0,0.0,0.0,0.0,0.0,0.0,190798947.0,0.0,0.0,0.0,0.0,0.0,0.0,15439200.0,19032336.0,0.0,0.0,0.0,0.0,0.0,0.0,0.0,0.0,0.0,0.0,0.0,0.0,0.0,0.0,0.0,0.0,0.0,0.0,0.0,0.0,0.0,0.0,0.0,0.0,0.0,0.0,0.0,0.0,0.0,0.0,0.0,0.0,250000.0,0.0,3000000.0,0.0,0.0,0.0,0.0,101650000.0,0.0,0.0,1077562189.0
CHE,0.0,0.0,0.0,0.0,25732000.0,0.0,0.0,0.0,0.0,0.0,0.0,0.0,130142635.0,0.0,0.0,0.0,0.0,0.0,155988700.0,10000000.0,0.0,0.0,0.0,2150000.0,260000000.0,89780200.0,180219911.0,0.0,0.0,0.0,0.0,0.0,0.0,0.0,0.0,94265400.0,0.0,35000000.0,1286600.0,0.0,0.0,0.0,0.0,0.0,0.0,0.0,0.0,0.0,0.0,0.0,39884600.0,0.0,0.0,0.0,0.0,0.0,0.0,0.0,0.0,0.0,0.0,0.0,0.0,0.0,0.0,0.0,1000000.0,0.0,0.0,1383300266.0
CHL,0.0,6960000.0,0.0,40000.0,40000.0,0.0,40000.0,0.0,0.0,0.0,770000.0,1120000.0,0.0,5050000.0,40000.0,0.0,40000.0,0.0,80000.0,40000.0,200000.0,0.0,500000.0,80000.0,0.0,120000.0,320000.0,0.0,40000.0,0.0,40000.0,0.0,80000.0,0.0,280000.0,80000.0,0.0,0.0,120000.0,0.0,0.0,0.0,0.0,0.0,0.0,0.0,80000.0,0.0,0.0,0.0,80000.0,40000.0,80000.0,0.0,80000.0,0.0,0.0,40000.0,0.0,80000.0,0.0,40000.0,40000.0,0.0,0.0,0.0,0.0,0.0,0.0,9303000.0
CHN,0.0,0.0,0.0,0.0,0.0,0.0,0.0,0.0,0.0,0.0,30000000.0,0.0,0.0,0.0,3010572300.0,0.0,0.0,0.0,62500000.0,0.0,0.0,0.0,0.0,0.0,0.0,0.0,3030502.0,0.0,0.0,0.0,105000000.0,0.0,0.0,0.0,364000000.0,0.0,0.0,11000000.0,0.0,0.0,0.0,0.0,0.0,0.0,0.0,0.0,0.0,0.0,0.0,0.0,0.0,0.0,0.0,0.0,0.0,0.0,0.0,0.0,0.0,0.0,0.0,21000000.0,0.0,0.0,0.0,0.0,0.0,0.0,0.0,981550000.0
COL,0.0,47500.0,0.0,0.0,0.0,0.0,0.0,0.0,0.0,0.0,0.0,0.0,0.0,0.0,0.0,0.0,0.0,0.0,0.0,0.0,0.0,0.0,0.0,0.0,0.0,0.0,0.0,0.0,0.0,0.0,0.0,0.0,0.0,0.0,0.0,0.0,0.0,0.0,0.0,0.0,0.0,0.0,0.0,0.0,0.0,0.0,0.0,0.0,0.0,0.0,0.0,0.0,0.0,0.0,0.0,0.0,0.0,0.0,0.0,0.0,0.0,0.0,0.0,0.0,0.0,0.0,0.0,0.0,0.0,0.0
CYM,0.0,0.0,0.0,0.0,0.0,0.0,0.0,0.0,0.0,0.0,0.0,0.0,0.0,0.0,0.0,0.0,0.0,0.0,0.0,0.0,0.0,0.0,0.0,0.0,0.0,0.0,0.0,0.0,0.0,0.0,0.0,0.0,0.0,0.0,0.0,0.0,0.0,0.0,0.0,0.0,0.0,0.0,0.0,0.0,0.0,0.0,0.0,0.0,0.0,0.0,0.0,0.0,0.0,0.0,0.0,0.0,0.0,0.0,0.0,0.0,0.0,0.0,0.0,0.0,0.0,0.0,0.0,0.0,0.0,88485564.0
CZE,0.0,0.0,0.0,0.0,0.0,0.0,0.0,0.0,0.0,0.0,0.0,0.0,0.0,0.0,0.0,0.0,0.0,427320.0,0.0,0.0,0.0,0.0,0.0,0.0,0.0,0.0,0.0,0.0,0.0,0.0,0.0,0.0,10000.0,0.0,0.0,0.0,0.0,0.0,0.0,0.0,0.0,0.0,0.0,0.0,0.0,0.0,0.0,0.0,0.0,0.0,0.0,0.0,0.0,0.0,0.0,0.0,0.0,0.0,0.0,5000000.0,0.0,0.0,0.0,0.0,0.0,0.0,0.0,0.0,0.0,2440000.0
DEU,0.0,0.0,0.0,0.0,35132000.0,0.0,0.0,0.0,0.0,0.0,39500000.0,29300000.0,4483240.0,0.0,10000000.0,0.0,0.0,0.0,667908315.0,7719600.0,0.0,0.0,1350930.0,0.0,6602480.0,85990420.0,44222011.0,0.0,0.0,0.0,0.0,0.0,0.0,0.0,17000000.0,48382700.0,0.0,0.0,1286600.0,0.0,0.0,0.0,0.0,0.0,0.0,0.0,50000000.0,0.0,314000000.0,0.0,9000000.0,0.0,6500000.0,0.0,0.0,0.0,104000.0,0.0,0.0,238400000.0,0.0,0.0,0.0,0.0,8909112.0,0.0,0.0,0.0,0.0,968525806.0
DNK,0.0,0.0,0.0,0.0,0.0,0.0,0.0,0.0,0.0,0.0,0.0,0.0,40936960.0,0.0,0.0,0.0,0.0,0.0,62500000.0,86589920.0,0.0,0.0,1310000.0,0.0,0.0,0.0,34849443.0,0.0,0.0,0.0,0.0,0.0,0.0,0.0,0.0,47132700.0,0.0,0.0,0.0,0.0,0.0,0.0,0.0,0.0,0.0,0.0,0.0,0.0,0.0,0.0,9000000.0,0.0,0.0,0.0,0.0,0.0,0.0,0.0,0.0,0.0,0.0,0.0,0.0,0.0,1000000.0,0.0,0.0,0.0,0.0,404250000.0
ESP,0.0,558544.0,0.0,0.0,0.0,0.0,0.0,0.0,0.0,0.0,732454.0,103016.0,0.0,308035.0,0.0,278903.0,0.0,104624.0,1850326.0,0.0,53016.0,0.0,128335476.0,0.0,0.0,189385.0,11001848.0,0.0,0.0,0.0,0.0,0.0,50000.0,0.0,0.0,424352.0,0.0,0.0,25025.0,0.0,0.0,0.0,0.0,0.0,0.0,0.0,3521190.0,0.0,0.0,0.0,5918360.0,0.0,0.0,0.0,90000.0,0.0,0.0,0.0,1200000.0,0.0,0.0,3000000.0,0.0,247309.0,0.0,0.0,0.0,0.0,0.0,66009782.0
EST,0.0,0.0,0.0,0.0,0.0,0.0,0.0,0.0,0.0,0.0,0.0,0.0,0.0,0.0,0.0,0.0,0.0,0.0,20395.0,0.0,0.0,0.0,0.0,2925973.0,13259.0,0.0,22410000.0,0.0,0.0,0.0,0.0,0.0,0.0,0.0,19889.0,0.0,0.0,0.0,13596.0,0.0,0.0,0.0,0.0,20395.0,0.0,0.0,0.0,0.0,0.0,0.0,0.0,0.0,0.0,0.0,0.0,0.0,0.0,0.0,0.0,0.0,0.0,0.0,0.0,0.0,0.0,0.0,0.0,0.0,0.0,0.0
FIN,0.0,0.0,0.0,0.0,0.0,0.0,0.0,0.0,0.0,0.0,0.0,0.0,0.0,0.0,0.0,0.0,0.0,0.0,0.0,0.0,0.0,0.0,0.0,0.0,147581282.0,0.0,9000000.0,0.0,0.0,0.0,0.0,0.0,0.0,0.0,0.0,0.0,0.0,0.0,0.0,0.0,0.0,0.0,0.0,13000.0,0.0,0.0,0.0,0.0,0.0,0.0,0.0,0.0,0.0,0.0,0.0,0.0,0.0,0.0,0.0,0.0,0.0,2900000.0,0.0,0.0,3000000.0,0.0,0.0,0.0,0.0,33244000.0
FRA,0.0,150000.0,0.0,150000.0,25732000.0,0.0,34079650.0,0.0,0.0,0.0,150000.0,3600000.0,166162841.0,0.0,21125000.0,0.0,0.0,0.0,118980700.0,0.0,0.0,0.0,2098400.0,200000.0,13946020.0,875485194.0,173575043.0,0.0,0.0,0.0,40552159.0,0.0,0.0,0.0,500000.0,3859800.0,0.0,9400000.0,1413176.0,12000000.0,0.0,0.0,0.0,0.0,0.0,0.0,0.0,0.0,0.0,0.0,8000000.0,0.0,0.0,150000.0,0.0,0.0,0.0,0.0,0.0,4500000.0,0.0,0.0,0.0,0.0,0.0,0.0,26230000.0,0.0,0.0,526814712.0
GBR,0.0,13300000.0,0.0,19615.0,300000.0,0.0,13738559.0,0.0,0.0,0.0,11450000.0,78494969.0,106998000.0,0.0,31000000.0,0.0,0.0,0.0,372625428.0,20467771.0,0.0,102000000.0,524801.0,0.0,146322615.0,128263215.0,1984470866.0,1219615.0,0.0,0.0,0.0,0.0,0.0,0.0,161000000.0,20234015.0,0.0,58150000.0,7781306.0,12000000.0,0.0,0.0,0.0,0.0,323406.0,0.0,0.0,0.0,250000000.0,0.0,211956567.0,24000000.0,0.0,0.0,0.0,0.0,19299.0,1152245.0,0.0,107200000.0,0.0,0.0,0.0,0.0,20200000.0,0.0,30000000.0,0.0,0.0,1768865556.0
GRC,0.0,0.0,0.0,0.0,0.0,0.0,0.0,0.0,0.0,0.0,390360.0,0.0,0.0,0.0,0.0,0.0,0.0,0.0,0.0,0.0,0.0,0.0,559880.0,0.0,0.0,0.0,0.0,0.0,2083315.0,0.0,0.0,0.0,0.0,0.0,0.0,0.0,0.0,0.0,0.0,0.0,0.0,0.0,0.0,0.0,0.0,0.0,0.0,0.0,0.0,0.0,0.0,0.0,0.0,0.0,0.0,0.0,0.0,0.0,0.0,0.0,0.0,0.0,0.0,0.0,0.0,0.0,0.0,0.0,0.0,78000.0
HKG,0.0,0.0,0.0,0.0,0.0,0.0,0.0,0.0,0.0,0.0,0.0,11600000.0,0.0,0.0,38000000.0,0.0,0.0,0.0,0.0,0.0,0.0,0.0,0.0,0.0,0.0,0.0,0.0,0.0,0.0,0.0,349015000.0,0.0,0.0,0.0,5000000.0,0.0,0.0,84200000.0,0.0,6100000.0,0.0,0.0,0.0,0.0,0.0,0.0,0.0,0.0,0.0,0.0,0.0,0.0,0.0,0.0,0.0,0.0,0.0,0.0,0.0,0.0,0.0,1100000.0,0.0,0.0,0.0,0.0,0.0,0.0,0.0,166350000.0
IND,0.0,0.0,0.0,0.0,0.0,0.0,15439200.0,0.0,0.0,0.0,0.0,0.0,0.0,0.0,0.0,0.0,0.0,0.0,0.0,0.0,0.0,0.0,0.0,0.0,0.0,0.0,0.0,0.0,0.0,0.0,0.0,0.0,0.0,0.0,356850532.0,0.0,0.0,15000000.0,0.0,900000.0,0.0,0.0,0.0,0.0,0.0,0.0,0.0,0.0,0.0,0.0,0.0,0.0,0.0,0.0,0.0,0.0,0.0,0.0,0.0,0.0,0.0,3859800.0,0.0,0.0,0.0,0.0,0.0,0.0,0.0,167244730.0
IRL,0.0,0.0,0.0,0.0,0.0,0.0,0.0,0.0,0.0,0.0,0.0,0.0,47200000.0,0.0,0.0,0.0,0.0,0.0,0.0,0.0,0.0,0.0,0.0,0.0,0.0,6359310.0,2972580.0,0.0,0.0,0.0,0.0,0.0,0.0,0.0,0.0,95539953.0,0.0,0.0,0.0,0.0,0.0,0.0,0.0,0.0,0.0,0.0,0.0,0.0,0.0,0.0,0.0,0.0,0.0,0.0,0.0,0.0,0.0,0.0,0.0,0.0,0.0,0.0,0.0,0.0,0.0,0.0,0.0,0.0,0.0,251300000.0
ISL,0.0,0.0,0.0,0.0,0.0,0.0,0.0,0.0,0.0,0.0,0.0,0.0,0.0,0.0,0.0,0.0,0.0,0.0,0.0,0.0,0.0,0.0,0.0,0.0,0.0,0.0,0.0,0.0,0.0,0.0,0.0,0.0,0.0,0.0,0.0,0.0,6500000.0,0.0,0.0,0.0,0.0,0.0,0.0,0.0,0.0,0.0,0.0,0.0,0.0,0.0,0.0,0.0,0.0,0.0,0.0,0.0,0.0,0.0,0.0,0.0,0.0,0.0,0.0,0.0,0.0,0.0,0.0,0.0,0.0,0.0
ISR,0.0,0.0,0.0,0.0,0.0,0.0,0.0,0.0,0.0,0.0,0.0,30000000.0,13400000.0,0.0,2000000.0,0.0,0.0,0.0,3600000.0,0.0,0.0,0.0,0.0,0.0,0.0,0.0,9650000.0,0.0,0.0,0.0,0.0,0.0,0.0,0.0,0.0,0.0,0.0,685742500.0,0.0,1200000.0,0.0,0.0,0.0,0.0,0.0,0.0,0.0,13500000.0,0.0,0.0,0.0,0.0,0.0,0.0,0.0,0.0,0.0,0.0,0.0,5000000.0,0.0,7200000.0,0.0,0.0,0.0,0.0,0.0,0.0,0.0,555655400.0
ITA,0.0,0.0,0.0,0.0,0.0,0.0,0.0,0.0,0.0,0.0,2830520.0,0.0,0.0,0.0,0.0,0.0,0.0,0.0,0.0,0.0,0.0,0.0,0.0,0.0,0.0,0.0,32165.0,0.0,0.0,0.0,0.0,0.0,0.0,0.0,0.0,0.0,0.0,0.0,24614757.0,0.0,0.0,0.0,0.0,0.0,0.0,0.0,0.0,0.0,0.0,0.0,0.0,0.0,0.0,0.0,0.0,0.0,0.0,0.0,0.0,0.0,0.0,0.0,0.0,0.0,0.0,0.0,0.0,0.0,0.0,4764721.0
JOR,0.0,0.0,0.0,0.0,0.0,0.0,0.0,0.0,0.0,0.0,0.0,0.0,0.0,0.0,0.0,0.0,0.0,0.0,0.0,0.0,0.0,0.0,0.0,0.0,0.0,0.0,0.0,0.0,0.0,0.0,0.0,0.0,0.0,0.0,0.0,0.0,0.0,0.0,0.0,0.0,0.0,0.0,0.0,0.0,0.0,0.0,0.0,0.0,0.0,0.0,0.0,0.0,0.0,0.0,0.0,0.0,0.0,0.0,0.0,0.0,0.0,0.0,0.0,0.0,0.0,0.0,0.0,0.0,0.0,4153219.0
JPN,0.0,0.0,0.0,0.0,0.0,0.0,0.0,0.0,0.0,0.0,0.0,0.0,0.0,0.0,0.0,0.0,0.0,0.0,0.0,0.0,0.0,0.0,0.0,0.0,0.0,0.0,0.0,0.0,0.0,0.0,0.0,0.0,0.0,9000000.0,75000000.0,128660000.0,0.0,20000000.0,0.0,205177365.0,0.0,5028862.0,0.0,0.0,0.0,0.0,0.0,0.0,0.0,0.0,0.0,0.0,0.0,0.0,0.0,0.0,0.0,0.0,0.0,0.0,0.0,132815000.0,0.0,0.0,0.0,6200000.0,1801240.0,0.0,0.0,3365722852.0
KEN,0.0,0.0,0.0,0.0,0.0,0.0,0.0,0.0,0.0,0.0,0.0,0.0,0.0,0.0,0.0,0.0,0.0,0.0,0.0,0.0,0.0,0.0,0.0,0.0,0.0,0.0,0.0,0.0,0.0,0.0,0.0,0.0,0.0,0.0,0.0,0.0,0.0,0.0,0.0,0.0,235000.0,3000000.0,0.0,0.0,0.0,0.0,0.0,0.0,0.0,0.0,0.0,0.0,0.0,0.0,0.0,0.0,0.0,0.0,0.0,0.0,0.0,0.0,0.0,0.0,0.0,0.0,0.0,0.0,0.0,0.0
KHM,0.0,0.0,0.0,0.0,0.0,0.0,0.0,0.0,0.0,0.0,0.0,0.0,0.0,0.0,0.0,0.0,0.0,0.0,0.0,0.0,0.0,0.0,0.0,0.0,0.0,0.0,0.0,0.0,0.0,0.0,0.0,0.0,0.0,0.0,0.0,0.0,0.0,0.0,0.0,0.0,0.0,0.0,0.0,0.0,0.0,0.0,0.0,0.0,0.0,0.0,0.0,0.0,0.0,0.0,0.0,0.0,0.0,0.0,0.0,0.0,0.0,0.0,0.0,0.0,0.0,0.0,0.0,0.0,0.0,3369900.0
KOR,0.0,0.0,0.0,0.0,0.0,0.0,0.0,0.0,0.0,0.0,0.0,0.0,0.0,0.0,0.0,0.0,0.0,0.0,0.0,0.0,0.0,0.0,0.0,0.0,0.0,0.0,1000000.0,0.0,0.0,0.0,0.0,0.0,0.0,0.0,0.0,0.0,0.0,8800000.0,0.0,0.0,0.0,33448105.0,0.0,0.0,0.0,0.0,0.0,0.0,0.0,0.0,0.0,0.0,0.0,0.0,0.0,0.0,0.0,0.0,0.0,0.0,0.0,0.0,0.0,0.0,0.0,0.0,0.0,15000000.0,0.0,327621200.0
KWT,0.0,0.0,0.0,0.0,0.0,0.0,0.0,0.0,0.0,0.0,0.0,0.0,0.0,0.0,0.0,0.0,0.0,0.0,0.0,0.0,0.0,0.0,0.0,0.0,0.0,0.0,0.0,0.0,0.0,0.0,0.0,0.0,0.0,0.0,0.0,0.0,0.0,0.0,0.0,0.0,0.0,0.0,0.0,0.0,0.0,0.0,0.0,0.0,0.0,0.0,0.0,0.0,0.0,0.0,0.0,0.0,0.0,0.0,0.0,0.0,0.0,0.0,0.0,0.0,19000000.0,0.0,0.0,0.0,0.0,0.0
LBN,1095000.0,0.0,0.0,0.0,0.0,0.0,0.0,0.0,0.0,0.0,0.0,0.0,0.0,0.0,0.0,0.0,0.0,0.0,0.0,0.0,0.0,300000.0,0.0,0.0,0.0,0.0,0.0,0.0,0.0,0.0,0.0,0.0,0.0,0.0,0.0,0.0,0.0,0.0,0.0,0.0,0.0,0.0,375000.0,0.0,0.0,0.0,0.0,0.0,0.0,0.0,0.0,0.0,0.0,0.0,0.0,0.0,0.0,0.0,0.0,0.0,500000.0,0.0,0.0,0.0,0.0,0.0,0.0,0.0,0.0,0.0
LTU,0.0,0.0,0.0,0.0,0.0,0.0,0.0,0.0,0.0,0.0,0.0,0.0,0.0,0.0,0.0,0.0,0.0,0.0,0.0,0.0,0.0,0.0,0.0,0.0,0.0,0.0,0.0,0.0,0.0,0.0,0.0,0.0,0.0,0.0,0.0,0.0,0.0,0.0,0.0,0.0,0.0,0.0,0.0,1721414.0,0.0,0.0,0.0,0.0,0.0,0.0,0.0,0.0,0.0,0.0,0.0,0.0,0.0,0.0,0.0,0.0,0.0,0.0,0.0,0.0,0.0,0.0,0.0,0.0,0.0,0.0
LUX,0.0,0.0,0.0,0.0,0.0,0.0,15439200.0,0.0,0.0,0.0,0.0,0.0,0.0,0.0,0.0,0.0,0.0,0.0,0.0,0.0,0.0,0.0,1801240.0,0.0,0.0,6111350.0,0.0,0.0,0.0,0.0,0.0,0.0,0.0,0.0,0.0,0.0,0.0,0.0,0.0,0.0,0.0,0.0,0.0,0.0,0.0,0.0,0.0,0.0,0.0,0.0,0.0,0.0,0.0,0.0,0.0,0.0,0.0,0.0,0.0,0.0,0.0,0.0,0.0,0.0,0.0,0.0,0.0,0.0,0.0,61800000.0
MEX,0.0,0.0,0.0,0.0,0.0,0.0,0.0,0.0,0.0,0.0,0.0,0.0,40000.0,0.0,0.0,0.0,0.0,0.0,0.0,0.0,0.0,0.0,0.0,0.0,0.0,0.0,0.0,0.0,0.0,0.0,0.0,0.0,0.0,0.0,0.0,0.0,0.0,60000000.0,0.0,0.0,0.0,0.0,0.0,0.0,0.0,0.0,52250000.0,0.0,0.0,0.0,0.0,0.0,0.0,0.0,0.0,0.0,0.0,0.0,0.0,0.0,0.0,0.0,0.0,0.0,0.0,0.0,0.0,0.0,0.0,43000000.0
MUS,0.0,0.0,0.0,0.0,0.0,0.0,0.0,0.0,0.0,0.0,0.0,0.0,0.0,0.0,0.0,0.0,0.0,0.0,0.0,0.0,0.0,0.0,0.0,0.0,0.0,0.0,0.0,0.0,0.0,0.0,0.0,0.0,0.0,0.0,171850000.0,0.0,0.0,0.0,0.0,0.0,0.0,0.0,0.0,0.0,0.0,0.0,0.0,0.0,0.0,0.0,0.0,0.0,0.0,0.0,0.0,0.0,0.0,0.0,0.0,0.0,0.0,0.0,0.0,0.0,0.0,0.0,0.0,0.0,0.0,15500000.0
MYS,0.0,0.0,0.0,0.0,0.0,0.0,0.0,0.0,0.0,0.0,0.0,0.0,0.0,0.0,0.0,0.0,0.0,0.0,0.0,0.0,0.0,0.0,0.0,0.0,0.0,0.0,0.0,0.0,0.0,0.0,0.0,0.0,0.0,0.0,0.0,0.0,0.0,0.0,0.0,0.0,0.0,0.0,0.0,0.0,0.0,0.0,0.0,0.0,0.0,0.0,0.0,152278.0,0.0,0.0,0.0,0.0,0.0,0.0,0.0,0.0,0.0,0.0,0.0,0.0,0.0,0.0,0.0,0.0,0.0,57300000.0
NLD,0.0,0.0,0.0,0.0,35132000.0,0.0,0.0,0.0,0.0,0.0,3000000.0,0.0,38598000.0,0.0,0.0,0.0,0.0,0.0,20643300.0,0.0,0.0,0.0,0.0,0.0,2800000.0,19567500.0,3000000.0,0.0,0.0,0.0,0.0,0.0,0.0,0.0,0.0,0.0,0.0,0.0,0.0,0.0,0.0,0.0,0.0,0.0,0.0,0.0,0.0,0.0,0.0,0.0,53546156.0,0.0,0.0,0.0,0.0,0.0,0.0,0.0,0.0,0.0,0.0,0.0,0.0,0.0,0.0,0.0,0.0,0.0,0.0,83839998.0
NOR,0.0,0.0,0.0,1000000.0,20000000.0,0.0,0.0,0.0,0.0,0.0,0.0,0.0,1400000.0,0.0,0.0,0.0,0.0,0.0,63220496.0,0.0,0.0,0.0,0.0,0.0,0.0,0.0,5034690.0,0.0,0.0,0.0,0.0,0.0,0.0,0.0,0.0,0.0,0.0,0.0,514640.0,0.0,0.0,0.0,0.0,0.0,0.0,0.0,0.0,0.0,0.0,0.0,0.0,3935106.0,0.0,0.0,0.0,0.0,0.0,0.0,0.0,0.0,0.0,800000.0,0.0,0.0,9400000.0,0.0,0.0,0.0,0.0,26013865.0
NZL,0.0,0.0,0.0,0.0,0.0,0.0,0.0,0.0,0.0,0.0,0.0,0.0,0.0,0.0,0.0,0.0,0.0,0.0,0.0,0.0,0.0,0.0,0.0,0.0,0.0,0.0,0.0,0.0,0.0,0.0,0.0,0.0,0.0,0.0,0.0,0.0,0.0,0.0,0.0,0.0,0.0,0.0,0.0,0.0,0.0,0.0,0.0,0.0,0.0,0.0,0.0,0.0,600000.0,0.0,0.0,0.0,0.0,0.0,0.0,0.0,0.0,0.0,0.0,0.0,0.0,0.0,0.0,0.0,0.0,0.0
PHL,0.0,0.0,0.0,0.0,0.0,0.0,0.0,0.0,0.0,0.0,0.0,0.0,0.0,0.0,0.0,0.0,0.0,0.0,0.0,0.0,0.0,0.0,0.0,0.0,0.0,0.0,0.0,0.0,0.0,0.0,0.0,0.0,0.0,0.0,0.0,0.0,0.0,0.0,0.0,0.0,0.0,0.0,0.0,0.0,0.0,0.0,0.0,0.0,0.0,0.0,0.0,0.0,0.0,0.0,0.0,53000000.0,0.0,0.0,0.0,0.0,0.0,0.0,0.0,0.0,0.0,0.0,0.0,0.0,0.0,0.0
POL,0.0,0.0,0.0,0.0,0.0,0.0,0.0,0.0,0.0,0.0,0.0,0.0,0.0,0.0,0.0,0.0,0.0,0.0,0.0,0.0,0.0,0.0,707630.0,0.0,0.0,0.0,0.0,0.0,0.0,0.0,0.0,0.0,0.0,0.0,0.0,0.0,0.0,0.0,7695200.0,0.0,0.0,0.0,0.0,0.0,0.0,0.0,0.0,0.0,0.0,0.0,0.0,0.0,0.0,0.0,0.0,0.0,1334000.0,0.0,0.0,0.0,0.0,0.0,0.0,0.0,0.0,0.0,0.0,0.0,0.0,1285000.0
PRT,0.0,0.0,0.0,0.0,0.0,0.0,0.0,0.0,0.0,0.0,0.0,0.0,0.0,0.0,0.0,0.0,0.0,0.0,0.0,0.0,0.0,0.0,0.0,0.0,0.0,0.0,1500000.0,0.0,0.0,0.0,0.0,0.0,0.0,0.0,0.0,0.0,0.0,0.0,0.0,0.0,0.0,0.0,0.0,0.0,0.0,0.0,0.0,0.0,0.0,0.0,0.0,0.0,0.0,0.0,0.0,0.0,0.0,1864256.0,0.0,0.0,0.0,0.0,0.0,0.0,0.0,0.0,0.0,0.0,0.0,0.0
ROM,0.0,0.0,0.0,0.0,0.0,0.0,0.0,0.0,0.0,0.0,0.0,0.0,0.0,0.0,0.0,0.0,0.0,0.0,0.0,0.0,0.0,0.0,0.0,0.0,0.0,0.0,0.0,0.0,0.0,0.0,0.0,0.0,0.0,0.0,0.0,0.0,0.0,0.0,0.0,0.0,0.0,0.0,0.0,0.0,0.0,0.0,0.0,0.0,0.0,0.0,0.0,0.0,0.0,0.0,0.0,0.0,0.0,0.0,70000.0,337000000.0,0.0,0.0,0.0,0.0,0.0,0.0,0.0,0.0,0.0,0.0
RUS,0.0,0.0,0.0,0.0,0.0,0.0,0.0,0.0,0.0,0.0,0.0,0.0,0.0,0.0,0.0,0.0,0.0,0.0,65878026.0,0.0,0.0,0.0,0.0,18000000.0,0.0,0.0,7600000.0,0.0,0.0,0.0,0.0,0.0,0.0,0.0,44000000.0,0.0,0.0,10200000.0,0.0,0.0,0.0,386519.0,0.0,25000000.0,0.0,0.0,0.0,0.0,0.0,0.0,2000000.0,0.0,0.0,0.0,0.0,0.0,0.0,0.0,15200000.0,233718173.0,0.0,550000.0,0.0,0.0,0.0,0.0,0.0,0.0,0.0,196641670.0
SAU,0.0,0.0,0.0,0.0,0.0,0.0,0.0,0.0,0.0,0.0,7000000.0,0.0,0.0,0.0,0.0,0.0,0.0,0.0,0.0,0.0,0.0,0.0,0.0,0.0,0.0,0.0,0.0,0.0,0.0,0.0,0.0,0.0,0.0,0.0,0.0,0.0,0.0,0.0,0.0,0.0,0.0,0.0,0.0,0.0,0.0,0.0,0.0,0.0,0.0,0.0,0.0,0.0,0.0,0.0,0.0,0.0,0.0,0.0,0.0,0.0,0.0,0.0,0.0,0.0,0.0,0.0,0.0,0.0,0.0,55000000.0
SGP,0.0,0.0,0.0,0.0,0.0,0.0,0.0,0.0,0.0,0.0,0.0,0.0,0.0,0.0,238824700.0,0.0,0.0,0.0,0.0,0.0,0.0,0.0,0.0,0.0,0.0,0.0,0.0,0.0,0.0,0.0,6000000.0,0.0,0.0,27000000.0,10000000.0,0.0,0.0,6300000.0,0.0,22300000.0,0.0,0.0,0.0,0.0,0.0,0.0,0.0,0.0,4000000.0,0.0,0.0,0.0,0.0,0.0,0.0,11700.0,0.0,0.0,0.0,0.0,0.0,100864159.0,0.0,0.0,0.0,400000.0,0.0,11700.0,0.0,156435565.0
SWE,0.0,0.0,0.0,26000000.0,0.0,0.0,0.0,0.0,0.0,0.0,20000000.0,0.0,0.0,0.0,0.0,0.0,0.0,0.0,20000000.0,10300000.0,0.0,0.0,9400000.0,0.0,20000000.0,0.0,22394888.0,0.0,0.0,0.0,0.0,0.0,0.0,0.0,0.0,0.0,0.0,0.0,0.0,0.0,0.0,0.0,0.0,0.0,0.0,0.0,50000000.0,0.0,450000000.0,10000000.0,0.0,8374280.0,0.0,0.0,0.0,0.0,0.0,0.0,0.0,0.0,0.0,2900000.0,0.0,0.0,127797852.0,0.0,0.0,0.0,0.0,147552000.0
THA,0.0,0.0,0.0,0.0,0.0,0.0,0.0,0.0,0.0,0.0,0.0,0.0,0.0,0.0,50000000.0,0.0,0.0,0.0,0.0,0.0,0.0,0.0,0.0,0.0,0.0,0.0,0.0,0.0,0.0,0.0,0.0,0.0,0.0,0.0,0.0,0.0,0.0,0.0,0.0,0.0,0.0,0.0,0.0,0.0,0.0,0.0,0.0,0.0,0.0,0.0,0.0,0.0,0.0,0.0,0.0,0.0,0.0,0.0,0.0,0.0,0.0,615000.0,0.0,0.0,0.0,2332500.0,0.0,0.0,0.0,0.0
TTO,0.0,0.0,0.0,0.0,0.0,0.0,0.0,0.0,0.0,0.0,0.0,500000.0,0.0,0.0,0.0,0.0,0.0,0.0,0.0,0.0,0.0,0.0,0.0,0.0,0.0,0.0,0.0,0.0,0.0,0.0,0.0,0.0,0.0,0.0,0.0,0.0,0.0,0.0,0.0,0.0,0.0,0.0,0.0,0.0,0.0,0.0,0.0,0.0,0.0,0.0,0.0,0.0,0.0,0.0,0.0,0.0,0.0,0.0,0.0,0.0,0.0,0.0,0.0,0.0,0.0,0.0,0.0,0.0,0.0,0.0
TUR,0.0,0.0,0.0,0.0,0.0,0.0,0.0,0.0,0.0,0.0,0.0,0.0,0.0,0.0,50000000.0,0.0,0.0,0.0,0.0,0.0,0.0,0.0,0.0,0.0,0.0,0.0,0.0,0.0,0.0,0.0,0.0,0.0,0.0,0.0,0.0,0.0,0.0,0.0,0.0,0.0,0.0,0.0,0.0,0.0,0.0,0.0,0.0,0.0,0.0,0.0,0.0,0.0,0.0,0.0,0.0,0.0,0.0,0.0,0.0,0.0,0.0,0.0,0.0,0.0,0.0,0.0,15880000.0,0.0,0.0,31100000.0
TWN,0.0,0.0,0.0,0.0,0.0,0.0,0.0,0.0,0.0,0.0,0.0,0.0,0.0,0.0,0.0,0.0,0.0,0.0,0.0,0.0,0.0,0.0,0.0,0.0,0.0,0.0,0.0,0.0,0.0,0.0,0.0,0.0,0.0,0.0,0.0,0.0,0.0,0.0,0.0,600000.0,0.0,0.0,0.0,0.0,0.0,0.0,0.0,0.0,0.0,0.0,0.0,0.0,0.0,0.0,0.0,0.0,0.0,0.0,0.0,0.0,0.0,0.0,0.0,0.0,0.0,0.0,0.0,0.0,0.0,72850000.0
UKR,0.0,0.0,0.0,0.0,0.0,0.0,0.0,0.0,0.0,0.0,0.0,0.0,0.0,0.0,0.0,0.0,0.0,0.0,19400000.0,0.0,0.0,0.0,0.0,0.0,0.0,0.0,0.0,0.0,0.0,0.0,0.0,0.0,0.0,0.0,200000.0,0.0,0.0,0.0,0.0,0.0,0.0,0.0,0.0,0.0,0.0,0.0,0.0,0.0,0.0,0.0,0.0,0.0,0.0,0.0,0.0,0.0,0.0,0.0,0.0,2500000.0,0.0,0.0,0.0,0.0,0.0,0.0,0.0,0.0,5020000.0,3140000.0
USA,14360000.0,58597500.0,0.0,800457329.0,117218600.0,10000.0,0.0,60000000.0,0.0,526666000.0,94000000.0,2110129935.0,275060416.0,11000000.0,990724314.0,0.0,0.0,0.0,555062547.0,3500000.0,0.0,175000.0,53043481.0,24300000.0,198000000.0,129709180.0,994156608.0,3600000.0,0.0,489600.0,56000000.0,0.0,0.0,8360000.0,2442273112.0,177635725.0,0.0,1164209348.0,5786600.0,141724545.0,20500000.0,10489516.0,0.0,6860880.0,0.0,0.0,126535000.0,12000000.0,568000000.0,0.0,137943800.0,0.0,305012265.0,0.0,0.0,0.0,0.0,0.0,0.0,381470000.0,0.0,123350000.0,0.0,0.0,337400000.0,500000.0,75000000.0,0.0,0.0,97435638933.0
